"total_cost","Nclaims","age","gender","agelic","agecar","parking","tkm","nightkm","urbankm","speedkm","cost"
17.75,1,23.44695414,1,3.715263518,14.51608487,0,3719.497,297.37,71.40798877,4.682541752,17.75
26.07,1,23.96988364,1,2.576317591,15.01437372,1,2345.581,229.526,38.67498074,3.426826871,26.07
32.5,1,25.16358658,0,6.321697467,6.529774127,1,5589.37,156.498,31.8934871,8.889570739,32.5
33.44,1,30.14647502,0,9.262149213,7.942505133,0,5105.662,281.94,36.8086254,7.265424151,33.44
45.84,1,30.68035592,0,7.403148528,4.788501027,1,4374.51,252.062,20.94515729,2.033324875,45.84
47.78,1,27.84941821,0,6.628336756,9.448323066,1,6196.601,239.97,41.24504708,0.891036877,47.78
82.36,1,32.32032854,1,11.62217659,5.615331964,1,13413.543,1575.341,17.50538243,3.57744408,82.36
101.54,1,26.83641342,1,3.279945243,3.279945243,1,2943.283,249.06,40.19148006,2.285678951,101.54
103.67,1,30.7761807,0,6.247775496,6.776180698,1,11574.112,1362.036,11.52422752,11.22981184,103.67
105.59,1,25.82340862,0,7.290896646,5.615331964,1,5644.618,240.59,43.78129751,12.87513167,105.59
110.78,1,21.9301848,0,3.849418207,5.448323066,1,6790.302,44.967,22.38483649,5.047006746,110.78
118.45,1,32.00273785,1,11.40588638,9.448323066,1,10284.904,1836.834,8.263314854,4.351183054,118.45
120,1,22.75701574,0,4.511978097,13.86173854,1,5245.702,155.581,37.86280654,7.111917528,120
124.08,1,21.49486653,0,3.468856947,2.861054073,1,21247.586,1804.326,12.79406517,37.95054177,124.08
130.35,1,23.15126626,0,3.23613963,15.01437372,0,13762.598,1707.229,19.78901077,2.538118166,130.35
132.17,1,25.97125257,1,6.620123203,4.777549624,1,8241.908,1185.962,17.78502017,3.504382723,132.17
139.12,1,30.2696783,0,2.631074606,4.109514031,1,9886.874,929.632,13.8260789,7.083512949,139.12
140.76,1,22.02327173,0,3.351129363,4.109514031,1,4593.478,522.687,26.18553958,5.35328568,140.76
145.32,1,26.89664613,1,2.151950719,15.01437372,0,7518.988,632.005,39.47674873,1.863801352,145.32
148.35,1,24.72826831,0,6.236824093,6.529774127,0,9661.76,45.269,21.4283526,7.465234077,148.35
149.58,1,27.07734428,1,4.396988364,7.942505133,1,14579.437,458.506,34.78430614,6.830078555,149.58
149.95,1,24.03832991,0,5.771389459,3.613963039,1,3588.759,131.989,34.46294388,11.32015273,149.95
152.76,1,26.78439425,0,6.028747433,7.110198494,1,7230.005,113.384,35.70632385,6.240120166,152.76
157.31,1,33.05954825,1,9.965776865,8.528405202,1,8583.89,71.684,20.34786093,5.533819748,157.31
158.44,1,25.11704312,0,5.864476386,13.87268994,1,9603.992,1384.883,14.96172633,8.518509803,158.44
161.21,1,25.10609172,0,6.247775496,14.28062971,0,3971.659,358.099,34.78229123,1.699743105,161.21
163.63,1,32.15058179,0,12.09308693,7.225188227,1,5628.612,38.332,19.78809341,0.591549036,163.63
165,1,22.81998631,0,3.466119097,4.528405202,0,4984.179,243.849,39.40851643,1.31825121,165
168.15,1,26.72416153,0,4.963723477,7.110198494,1,3848.723,88.513,49.56501156,3.894616474,168.15
171.61,1,21.79603012,1,3.509924709,7.028062971,1,6873.32,489.699,26.93018803,16.0688721,171.61
172.1,1,24.22724162,0,5.347022587,6.943189596,1,6020.374,93.516,24.65192362,1.982135994,172.1
174.2,1,26.72416153,1,6.970568104,7.110198494,1,7583.5,418.121,37.03261027,3.00739764,174.2
174.33,1,22.9431896,0,3.531827515,8.361396304,0,11602.056,428.776,27.81688004,1.65663741,174.33
352.52,2,25.62354552,0,6.069815195,6.691307324,1,5965.72,114.032,44.5290426,0.824141931,176.26
178.35,1,23.27994524,0,3.967145791,4.692676249,1,17074.707,549.866,24.07673526,1.058764874,178.35
180.78,1,29.34428474,1,4.544832307,7.942505133,1,8618.694,582.513,26.9611498,4.35161058,180.78
183.34,1,29.50308008,1,8.38329911,7.613963039,1,14565.147,887.762,13.66455828,3.623629751,183.34
184.25,1,30.0752909,0,2.184804928,18.82546201,0,11197.639,1114.586,19.58023473,0.980010161,184.25
185.45,1,28.63518138,0,6.729637235,6.195756331,1,5928.452,35.971,19.21339668,2.564817932,185.45
374.53,2,25.77686516,1,6.962354552,7.362080767,1,22397.265,1300.158,11.09068897,14.15736252,187.265
188.12,1,24.67351129,0,5.776865161,8.862422998,1,9535.969,434.649,14.04656412,18.82423275,188.12
190.96,1,27.45242984,0,5.691991786,5.776865161,1,15125.182,1241.64,5.000468755,1.613752482,190.96
191.49,1,30.46954141,1,10.94592745,13.41820671,1,8128.583,693.328,21.89889677,11.85185659,191.49
194.83,1,20.89527721,0,2.861054073,10.17385352,1,13073.498,752.95,25.86546462,17.8267056,194.83
394.93,2,24.93086927,1,6.929500342,5.615331964,1,8224.55,1241.078,24.22695467,5.755548936,197.465
200.46,1,26.11909651,1,6.234086242,7.613963039,1,8322.73,1353.098,37.11736413,2.105270746,200.46
201.43,1,29.5633128,1,8.76659822,10.63381246,0,8040.978,231.952,22.75813962,3.038958694,201.43
202.17,1,21.7412731,1,2.64476386,4.501026694,1,6878.304,283.081,44.15424209,2.028988541,202.17
206,1,23.49897331,0,2.64476386,4.027378508,0,6639.78,1259.397,39.89550859,2.51729726,206
206,1,25.69199179,1,4.281998631,5.776865161,1,7097.724,756.804,24.83996278,5.946103286,206
206.5,1,30.71321013,1,5.905544148,13.30869268,1,8750.472,265.308,21.51023396,25.23242175,206.5
207.36,1,26.91033539,1,6.308008214,10.21492129,0,9839.198,1284.903,19.17504862,6.212437233,207.36
209.27,1,28.71457906,0,7.934291581,3.775496235,1,22213.225,2917.838,5.090733111,2.318816831,209.27
210.13,1,22.9486653,1,4.62696783,4.109514031,1,12157.654,810.029,32.01305943,4.790776247,210.13
215.92,1,30.65297741,1,11.94250513,7.110198494,1,16581.413,347.486,5.374186144,8.741215239,215.92
217.07,1,26.04243669,0,5.267624914,4.501026694,1,11516.869,173.89,21.64422466,1.989637982,217.07
223.56,1,27.23887748,1,8.607802875,20.46817248,1,1313.251,72.848,55.84705437,10.14520453,223.56
226.15,1,24.52019165,0,6.124572211,11.40041068,1,4556.379,280.075,33.43949219,6.099646232,226.15
227.56,1,27.1321013,1,6.88569473,13.90006845,1,3231.852,167.286,63.09363795,1.849280227,227.56
457.78,2,21.54140999,0,2.584531143,17.65092402,1,9306.58,1032.191,31.49740291,4.651590595,228.89
229.42,1,28.03832991,1,8.246406571,15.01437372,1,4652.582,450.054,48.1798064,3.718386909,229.42
230.24,1,25.56605065,1,7.173169062,7.279945243,1,6298.065,1293.492,27.8557938,6.246871063,230.24
237.4,1,26.9431896,1,7.471594798,5.615331964,1,5294.691,95.816,17.56869287,5.104811593,237.4
238.05,1,23.68514716,0,4.262833676,7.775496235,0,13662.189,1418.406,17.71841247,6.548138077,238.05
480.6,2,29.25119781,0,10.32717317,9.448323066,0,8402.523,282.921,21.83506073,2.432995423,240.3
241.86,1,25.90554415,0,7.835728953,7.942505133,1,8312.059,289.189,22.23120649,7.326993228,241.86
244.96,1,27.60027379,0,6.614647502,9.11156742,0,6285.765,1176.404,29.38391747,3.541255519,244.96
245,1,31.57015743,0,6.324435318,14.66392882,1,8918.475,1464.569,29.48473814,4.014105551,245
246.34,1,31.88227242,0,8.325804244,3.690622861,1,13133.636,775.302,14.31143668,2.255361729,246.34
250.3,1,27.37577002,1,7.624914442,7.362080767,0,5012.34,163.309,24.02345013,5.455396082,250.3
253.2,1,29.88911704,1,6.822724162,4.501026694,1,6485.961,605.811,33.48954766,1.689896069,253.2
255.12,1,28.07118412,0,4.45174538,6.110882957,1,9776.915,214.156,14.97956155,8.628243163,255.12
520.51,2,27.19780972,1,4.607802875,7.942505133,0,2691.268,232.047,26.30652168,10.80520409,260.255
260.8,1,30.5927447,0,11.57837098,7.775496235,1,4191.189,113.554,50.48708135,0.932408441,260.8
261.64,1,29.13620808,1,5.883641342,6.447638604,1,9916.195,926.903,25.59130796,3.993769788,261.64
264.93,1,23.04175222,0,3.649555099,15.52908966,1,8569.53,1262.235,27.69163536,11.52136698,264.93
268.36,1,26.08898015,1,3.216974675,15.01437372,1,2198.76,147.881,23.39177536,0.800905965,268.36
269.57,1,32.862423,1,14.68035592,15.61670089,1,2691.708,90.7,8.261966008,5.107983481,269.57
275.06,1,24.42162902,0,5.289527721,13.89459274,1,5715.187,373.714,11.92249702,5.371425292,275.06
277.88,1,31.78644764,1,13.70568104,17.06228611,0,2973.874,230.338,38.53771209,2.087411908,277.88
282.28,1,31.68240931,0,12.45722108,2.691307324,0,11065.304,1434.018,49.8434747,0.300389397,282.28
286.42,1,31.19507187,1,9.407255305,3.613963039,1,6253.801,263.937,35.65786631,5.739645377,286.42
287.68,1,25.64544832,0,5.292265572,14.0698152,1,3361.465,22.473,13.09598642,5.015551255,287.68
289.1,1,28.08213552,1,6.425735797,7.613963039,1,2478.863,233.527,44.75087974,5.44104293,289.1
291.21,1,27.41957563,0,5.026694045,18.39835729,1,3013.739,73.745,30.86136523,3.283927374,291.21
293.78,1,31.15674196,1,6.351813826,2.529774127,1,8848.181,36.434,20.44102624,13.77695596,293.78
297.82,1,25.11430527,1,5.938398357,4.446269678,1,8058.024,268.93,51.90256321,3.848933684,297.82
301.31,1,29.11156742,1,10.4312115,7.529089665,1,7645.969,82.847,39.35410934,3.197109483,301.31
302.41,1,26.95687885,1,4.643394935,3.775496235,1,8741.543,563.44,15.09910779,5.316990376,302.41
303.33,1,28.39151266,1,7.822039699,13.25119781,1,6608.753,473.103,37.01503143,1.054813215,303.33
305.7,1,26.32443532,1,7.991786448,10.00410678,1,6934.799,589.123,26.05955847,4.659010304,305.7
307.22,1,29.42915811,1,8.914442163,6.529774127,1,9015.076,2266.247,8.574791826,1.493731168,307.22
310.02,1,23.92060233,0,5.467488022,20.46817248,0,3588.722,307.728,28.71016479,0.853339991,310.02
317.9,1,30.41204654,0,5.826146475,9.667351129,0,2627.627,98.923,66.59933088,0.864848778,317.9
323.74,1,30.7761807,1,7.184120465,5.831622177,0,3721.332,612.278,9.567730049,1.052015784,323.74
650.31,2,22.94045175,0,4.813141684,6.691307324,0,5473.999,56.382,30.885793,3.523109887,325.155
657.7,2,32.14784394,1,11.91786448,8.692676249,0,10046.484,772.793,39.61447607,17.8844559,328.85
330.8,1,30.23134839,0,10.64202601,19.07460643,1,3073.994,117.037,67.30192056,2.976193187,330.8
339,1,29.07871321,1,10.48870637,8.490075291,1,7493.489,429.509,33.63784213,5.431515279,339
348.47,1,26.17111567,1,7.457905544,8.90349076,1,9651.875,238.25,12.27218546,0.438059962,348.47
355.69,1,26.96235455,1,4.41615332,14.06433949,1,6714.024,253.913,40.33117844,5.243487363,355.69
357.12,1,30.62286105,1,10.67214237,8.574948665,0,18653.258,1693.782,16.26160427,7.755830108,357.12
360.41,1,28.3340178,0,5.2183436,7.110198494,1,9124.454,729.053,25.66893318,3.009473224,360.41
361.98,1,22.73785079,1,4.484599589,9.861738535,1,7024.605,501.617,41.566266,6.207010928,361.98
365.36,1,22.11635866,0,2.74880219,4.446269678,1,2906.525,9.368,23.30958791,1.305923741,365.36
368.13,1,27.73990418,0,8.744695414,5.615331964,1,5267.739,8.188,23.43910737,3.452543871,368.13
369.46,1,29.40999316,0,10.88295688,2.110882957,1,16305.6,2098.341,7.614862379,5.515976106,369.46
369.61,1,30.29979466,0,10.2587269,10.00684463,0,8427.228,248.398,26.21542932,2.361986646,369.61
745.22,2,30.954141,1,7.838466804,10.0807666,0,9449.06,1348.004,24.18183396,10.40644255,372.61
374.37,1,26.32169747,0,8.095824778,4.446269678,1,4235.954,198.026,24.77300273,14.16800088,374.37
378.96,1,31.60848734,0,12.81040383,7.110198494,1,9219.315,1285.771,5.46003689,13.48716255,378.96
385.29,1,29.00205339,1,5.53045859,9.448323066,1,12504.957,1610.046,18.70703754,4.858569286,385.29
388.27,1,22.90212183,0,4.320328542,3.86036961,1,6945.333,145.167,5.512190704,20.24144847,388.27
391.65,1,27.31279945,1,8.432580424,11.40041068,1,13019.805,704.31,11.34420216,2.268444113,391.65
395.55,1,27.39493498,1,6.754277892,6.447638604,0,3809.505,691.931,32.49458919,1.873314249,395.55
397.79,1,30.72963723,1,5.733059548,9.029431896,1,11541.301,1300.73,11.59912561,8.373622696,397.79
399.43,1,23.73442847,0,5.442847365,10.63381246,1,7394.894,1565.857,38.81948815,3.044587252,399.43
400.07,1,26.91581109,0,8.678986995,5.691991786,1,9161.518,442.634,17.98329709,6.168628387,400.07
403.66,1,30.55989049,0,12.0164271,12.59411362,1,7560.296,34.872,17.09533595,2.667660102,403.66
410.43,1,32.54757016,0,12.32580424,12.72279261,1,7087.602,966.16,16.48460227,16.37301304,410.43
412,1,26.57905544,1,3.093771389,13.70568104,1,11592.912,1256.18,29.41238578,16.17440898,412
413.14,1,26.72689938,0,6.286105407,12.05201916,1,1412.842,42.247,50.18147818,2.690746736,413.14
1251.71,3,23.57563313,1,4.982888433,6.362765229,1,13294.323,1148.037,42.08541495,12.34265934,417.236666666667
421.92,1,30.63655031,1,10.54346338,9.615331964,1,5316.405,303.052,51.39115624,4.180926773,421.92
430.71,1,29.2183436,1,9.434633812,8.777549624,1,7904.995,510.449,28.99435104,9.058588905,430.71
432.72,1,23.18959617,1,4.566735113,6.110882957,1,6023.52,98.72,42.41450182,7.216129439,432.72
436.4,1,24.96646133,0,4.260095825,15.01437372,1,10406.14,417.211,23.58720909,4.571810489,436.4
437.13,1,22.65571526,0,3.260780287,3.529089665,0,11915.05,825.501,12.18051959,1.132173176,437.13
437.54,1,23.60848734,1,4.980150582,3.195071869,1,11365.179,355.692,20.07216076,15.2440098,437.54
439.33,1,24.93360712,0,4.336755647,6.943189596,1,6897.439,73.973,17.45689958,3.216048739,439.33
1338.94,3,29.9137577,1,9.240246407,13.30869268,1,20172.995,1442.37,27.43587157,16.87958085,446.313333333333
458.01,1,30.53251198,0,4.503764545,9.932922656,0,10635.184,916.453,9.397891,2.954711456,458.01
920.36,2,32.20260096,1,11.23887748,3.942505133,1,2678.884,2.098,4.846570438,25.12568667,460.18
924.91,2,24.5338809,1,5.579739904,7.362080767,1,9301.387,689.001,20.68182949,5.861201131,462.455
462.76,1,25.51403149,0,5.752224504,10.63655031,1,2635.028,52.459,14.19377707,0.948225218,462.76
466.4,1,31.59479808,1,12.30663929,6.110882957,0,11603.066,384.243,14.21533757,8.311199816,466.4
471.34,1,27.4934976,0,8.492813142,6.195756331,1,23353.965,7158.528,3.80994405,0.423217214,471.34
471.79,1,25.10335387,0,6.743326489,3.600273785,1,4865.884,45.865,21.46421904,4.063146594,471.79
951.57,2,24.44900753,1,5.371663244,6.691307324,1,7667.393,1037.375,28.61234581,2.745131233,475.785
479.79,1,25.27857632,0,4.257357974,11.37029432,1,11615.958,1149.319,19.6168409,4.472657356,479.79
1443.18,3,20.75017112,1,2.316221766,11.02806297,1,7563.86,864.637,48.54810903,14.2739157,481.06
481.94,1,23.96167009,0,3.570157426,10.52429843,0,8447.233,311.803,10.00907634,8.767024658,481.94
484.94,1,28.72826831,0,10.54346338,9.776865161,1,4392.904,262.896,22.16096687,4.389988946,484.94
488.98,1,24.38056126,1,4.829568789,7.362080767,0,7549.286,349.86,39.4427632,5.025799791,488.98
489.46,1,29.81245722,1,8.339493498,7.613963039,1,12461.112,2742.315,15.65623517,12.43808739,489.46
493.48,1,22.61190965,1,4.298425736,10.94592745,1,12930.72,312.603,24.40080676,3.397204487,493.48
496,1,24.89253936,0,5.46201232,13.57152635,1,5053.398,215.368,48.43030373,3.087922226,496
992.4,2,28.99657769,1,10.92128679,7.362080767,1,3672.537,110.898,21.75512459,5.246591117,496.2
499.41,1,22.92950034,0,3.737166324,20.46817248,1,2833.913,56.466,62.69797273,4.582356621,499.41
501.77,1,24.73100616,1,3.698836413,8.572210815,0,17639.952,1003.9,12.87271076,15.43567692,501.77
505.56,1,31.83572895,1,7.885010267,14.06433949,0,6179.931,155.816,13.063641,3.632014662,505.56
510.59,1,23.12936345,1,4.717316906,13.30869268,0,8225.698,336.351,21.41477842,8.549657427,510.59
512.15,1,32.03011636,0,8.030116359,7.362080767,1,7046.216,452.186,24.96098615,5.566264219,512.15
1030.75,2,26.23408624,0,4.703627652,10.00136893,0,11950.921,1216.097,12.60643427,0.726437736,515.375
518.79,1,27.27720739,0,7.400410678,6.529774127,1,3321.671,229.054,80.65859021,0.122348059,518.79
1050.43,2,32.3394935,1,9.757700205,6.776180698,1,10624.391,947.853,23.89123292,5.756602896,525.215
526.35,1,24.50102669,1,6.403832991,4.501026694,1,6327.082,147.064,11.54630207,0.682289245,526.35
526.98,1,22.88295688,1,4.854209446,5.776865161,1,3984.401,174.866,49.9899985,1.553834566,526.98
528.29,1,24.75564682,1,5.661875428,13.7412731,0,6563.69,430.4,36.24787277,17.74826355,528.29
529.69,1,24.93908282,0,5.659137577,11.36755647,1,10358.227,1116.563,22.99383862,7.352223503,529.69
1065.94,2,26.07802875,0,3.822039699,18.39835729,1,17751.59,4291.752,14.52879996,21.85039199,532.97
534.93,1,22.54346338,0,3.564681725,4.446269678,0,7080.337,1241.712,51.75540373,3.495709314,534.93
1073.25,2,31.22518823,1,10.71868583,12.63244353,0,14528.334,1216.15,39.86806746,5.570342752,536.625
540.66,1,25.99041752,1,5.94661191,2.943189596,1,6158.797,162.865,14.73503673,13.97524549,540.66
542.84,1,24.80766598,0,4.889801506,11.48528405,1,5846.462,262.754,20.26102282,6.768007728,542.84
543.9,1,23.19233402,1,4.525667351,6.362765229,1,6218.192,289.374,7.854437431,13.82216889,543.9
1088,2,25.46201232,0,4.386036961,5.53045859,1,3480.571,94.483,36.8716225,3.266073297,544
1088,2,26.24229979,0,7.898699521,7.446954141,0,12873.132,1407.635,14.57250652,2.544881852,544
1088,2,27.70704997,1,8.832306639,5.11156742,1,35104.916,585.512,5.97672702,31.08452959,544
1090.25,2,23.07460643,0,4.605065024,12.73100616,1,12834.626,1259.333,7.924991348,12.99409893,545.125
545.37,1,31.69883641,0,11.8110883,12.82135524,1,9788.552,4192.462,14.60524498,32.17172468,545.37
1096.81,2,21.70841889,0,2.861054073,6.195756331,1,27466.916,3199.599,23.412603,8.981652691,548.405
1113.3,2,26.99520876,0,7.414099932,11.42505133,0,3989.132,567.191,10.34503245,7.243154651,556.65
1118.74,2,27.84120465,0,5.352498289,4.109514031,1,10390.052,898.149,31.51323016,15.87900619,559.37
1124.69,2,26.36276523,0,4.334017796,2.614647502,1,5387.943,415.157,64.97529762,2.94490866,562.345
1127,2,27.04175222,1,6.71321013,6.447638604,1,13263.597,511.665,21.57041563,11.39510647,563.5
566.03,1,24.21081451,1,4.561259411,5.615331964,1,12277.503,2968.883,17.51399287,17.95435929,566.03
1139.5,2,32.27652293,1,4.251882272,20.46817248,1,2637.384,70.611,12.51922359,0.549028886,569.75
1151.04,2,27.41409993,0,4.257357974,5.53045859,1,6598.003,602.641,47.4283052,5.4814919,575.52
578.7,1,22.78986995,1,2.19301848,9.434633812,1,6554.38,1209.158,35.02422807,4.36341805,578.7
1162.78,2,26.0698152,0,5.46201232,6.529774127,1,14068.062,1397.893,19.58659977,3.53541234,581.39
587.84,1,25.80424367,1,6.340862423,3.529089665,0,8730.636,1131.949,13.2157726,17.55823974,587.84
588.14,1,24.16427105,0,4.199863107,2.447638604,0,8958.393,845.996,10.63167244,21.61269326,588.14
591,1,25.35797399,1,6.830937714,6.691307324,0,15856.758,654.295,11.14499572,30.41543549,591
594.25,1,25.91649555,1,6.253251198,9.223819302,1,21021.577,3108.009,6.760211187,2.162991863,594.25
597.4,1,27.57837098,0,6.95687885,6.195756331,0,10504.303,251.54,27.6482314,3.044999749,597.4
605.97,1,26.9705681,0,5.557837098,9.776865161,1,6258.467,298.89,9.708080269,5.893248299,605.97
606.96,1,29.77412731,1,5.199178645,9.560574949,1,3855.798,241.628,39.89716266,0.692826751,606.96
1214.95,2,24.47091034,1,6.308008214,11.32922656,0,4485.195,713.404,41.50452767,1.150875269,607.475
612.31,1,29.93839836,1,10.71047228,7.225188227,1,5993.208,66.561,21.08967351,36.30478034,612.31
613.06,1,32.52019165,1,13.19644079,6.028747433,0,4229.937,323.403,12.21261688,5.922523196,613.06
617.1,1,26.37919233,0,4.030116359,8.572210815,1,13071.829,176.069,9.567077415,17.0127302,617.1
1871.97,3,28.62422998,0,5.579739904,4.501026694,1,5514.792,324.383,45.10585349,4.210603047,623.99
1253.59,2,23.02806297,1,3.915126626,10.55715264,1,7984.388,737.949,24.15768121,8.081245551,626.795
1260.29,2,23.18959617,0,3.61670089,4.109514031,1,12185.416,2381.062,11.30023792,2.530057242,630.145
637.37,1,25.51950719,0,4.262833676,4.509240246,1,5588.503,264.749,31.60579855,9.908950572,637.37
1923.18,3,25.18822724,1,4.599589322,8.572210815,1,6185.932,490.24,9.764187515,7.190751531,641.06
647.35,1,20.67077344,1,2.36550308,5.776865161,0,2593.936,115.285,14.5214454,1.344983068,647.35
1298.5,2,32.14784394,0,5.503080082,7.362080767,1,9100.894,122.861,15.66185696,11.85886793,649.25
649.65,1,26.91307324,1,6.283367556,10.32717317,1,3529.795,331.513,27.05089106,4.803536749,649.65
652.51,1,28.44900753,1,7.329226557,6.362765229,1,5298.713,1184.429,30.03633146,2.032002866,652.51
1306.69,2,31.40041068,1,13.2019165,12.29295003,1,27235.952,1314.634,16.70609127,14.06697662,653.345
656.49,1,31.18412047,0,8.783025325,7.446954141,1,6253.864,227.891,29.79137378,13.20174215,656.49
1324.9,2,23.58932238,0,3.296372348,9.11156742,1,8256.119,104.871,22.18254122,0.651322976,662.45
1328.25,2,23.92334018,1,4.982888433,9.11156742,1,5577.819,372.12,37.69663376,3.357118616,664.125
1333,2,26.2477755,0,5.062286105,4.197125257,1,4495.584,312.947,23.20459366,7.362536213,666.5
670.17,1,27.46338125,0,8.741957563,4.911704312,1,10971.521,509.87,12.627128,5.308698767,670.17
1348.37,2,30.9650924,0,7.47980835,12.66529774,1,2786.36,189.319,61.99087699,8.090088861,674.185
676.71,1,28.22176591,1,8.881587953,5.615331964,1,11552.809,1824.377,14.79082706,21.68672571,676.71
679.34,1,26.48323066,1,7.627652293,7.446954141,1,5235.847,924.35,14.29300742,18.45634527,679.34
1359.57,2,23.03080082,0,4.358658453,6.110882957,1,3277.882,276.596,28.49117204,6.303674141,679.785
686.18,1,26.34633812,0,3.044490075,3.195071869,1,10065.2,586.225,19.71500815,13.43813337,686.18
690.32,1,25.44284736,0,4.353182752,16.65434634,0,6844.439,247.884,28.0176067,1.76499491,690.32
692.16,1,24.55852156,1,4.752908966,18.89938398,1,10999.458,1031.766,17.74000137,5.268086846,692.16
1395.27,2,25.12251882,1,5.371663244,6.110882957,1,14173.242,1208.965,28.64587368,8.589735503,697.635
1411.99,2,28.26283368,0,6.171115674,6.529774127,1,6915.493,104.525,34.24438431,1.756085936,705.995
712.3,1,26.57357974,0,5.963039014,8.361396304,0,7507.927,513.831,29.76647216,4.367090943,712.3
715.75,1,34.06707734,0,7.893223819,4.528405202,1,3503.192,12.201,43.21244739,1.17527101,715.75
1438.94,2,30.4476386,1,9.437371663,5.363449692,1,6766.142,187.605,42.56152177,7.241556562,719.47
1446.95,2,28.1724846,1,7.838466804,14.03422313,1,9264.159,474.766,17.03551288,4.508385489,723.475
1464.91,2,24.27104723,0,5.420944559,15.52908966,1,4086.723,44.74,17.13700684,0.95891011,732.455
1473.82,2,32.46269678,0,4.971937029,7.110198494,1,10083.464,352.914,10.7476756,4.663704854,736.91
1477.72,2,30.31895962,1,11.02258727,9.971252567,1,4745.789,197.292,46.59162049,11.77157265,738.86
1480.03,2,22.06707734,1,2.480492813,15.01437372,1,8216.023,800.566,34.95105844,12.96426507,740.015
743.03,1,27.3155373,0,8.878850103,8.194387406,1,15258.205,601.251,23.50259418,16.38169759,743.03
749.81,1,26.45585216,0,5.464750171,16.5065024,0,3913.622,465.991,42.5128436,0.997643615,749.81
753.28,1,25.94387406,0,5.650924025,10.63381246,1,2496.611,1.095,53.61944652,1.662333459,753.28
1506.75,2,31.35386721,1,7.348391513,5.11156742,1,10350.044,821.047,15.44652371,8.413780656,753.375
756.97,1,28.5065024,0,8.131416838,7.110198494,1,13130.215,277.793,8.886389141,13.74539564,756.97
758.68,1,29.31143053,0,5.60164271,6.776180698,1,6947.295,24.819,25.47581469,0.835303525,758.68
762.06,1,30.11909651,0,6.937713895,19.65229295,1,2627.263,294.017,49.69178952,5.36417557,762.06
764.82,1,21.98767967,0,2.891170431,15.01437372,0,3283.37,77.008,11.12442399,15.73931662,764.82
765.97,1,29.79876797,1,5.095140315,5.615331964,1,12349.828,759.112,24.15350238,5.277530991,765.97
770.68,1,25.02669405,1,2.699520876,4.194387406,1,11380.282,298.499,11.29974635,18.52456732,770.68
774.82,1,26.25598905,0,6.576317591,7.110198494,1,6654.561,682.864,35.82828379,5.308419293,774.82
776.16,1,23.76454483,0,4.66255989,4.501026694,1,7814.336,258.332,22.27448372,6.68228241,776.16
778.19,1,28.3559206,1,7.088295688,5.281314168,1,13854.641,101.149,3.866076357,13.24759696,778.19
1565.41,2,26.6201232,1,2.625598905,20.20533881,1,14085.304,668.637,15.89637682,0.409412534,782.705
1576.98,2,30.11635866,0,7.498973306,9.667351129,1,9802.445,383.63,21.50816454,1.746125584,788.49
790.67,1,27.74537988,1,8.862422998,13.30869268,0,2660.131,133.525,42.93799817,3.785978961,790.67
793.27,1,32.15058179,0,9.80971937,8.90349076,1,3286.581,1126.525,22.77765252,2.714036258,793.27
1590.17,2,21.0513347,1,2.767967146,11.40041068,1,15191.348,673.897,21.79017293,1.800340562,795.085
808.97,1,24.45722108,0,3.68788501,6.691307324,1,10984.077,1301.438,47.21049388,7.016356495,808.97
1622.5,2,26.86379192,0,6.882956879,9.32238193,0,8615.602,112.664,26.75670255,2.365464421,811.25
818.16,1,27.61943874,0,3.72073922,6.529774127,1,4883.688,586.633,27.00377256,5.586863862,818.16
1644.69,2,33.61533196,0,3.143052704,13.86173854,0,5775.263,211.171,12.99471557,1.706952566,822.345
826.67,1,26.74880219,0,7.348391513,10.63381246,1,5017.523,75.006,29.74653031,1.186701087,826.67
840.57,1,26.97330595,1,7.12936345,13.49760438,1,3180.093,163.829,30.54435829,10.25023482,840.57
847.06,1,29.3853525,0,10.82819986,5.363449692,1,5918.71,391.838,50.96573409,3.099188844,847.06
849.66,1,25.14442163,0,5.393566051,6.028747433,1,5859.051,174.54,9.246531563,2.92980894,849.66
851.68,1,30.6146475,1,4.27926078,16.31485284,1,16781.546,1692.357,34.22008318,3.930537747,851.68
1711.69,2,28.15605749,0,6.715947981,20.46817248,1,10306.118,889.533,41.28900911,2.489463055,855.845
857.6,1,25.08418891,0,5.122518823,9.448323066,1,8231.71,659.962,19.24970632,32.92926986,857.6
866,1,21.45927447,0,2.305270363,15.01437372,0,5441.493,94.887,35.88200885,1.438741169,866
1744.75,2,23.56194387,1,5.464750171,6.691307324,1,9443.022,392.837,55.89867312,21.40809372,872.375
875.48,1,30.2532512,0,11.38398357,2.861054073,1,6824.995,1013.146,7.967595581,18.14722209,875.48
885.37,1,30.60643395,0,5.880903491,3.195071869,1,8970.794,96.913,10.55568771,7.207388777,885.37
1774.5,2,21.13894593,0,2.392881588,8.862422998,1,5577.578,234.332,20.48166785,3.40049032,887.25
888.51,1,21.09787817,1,2.825462012,7.110198494,1,4370.31,167.55,30.69201041,5.923721658,888.51
892.94,1,30.94045175,1,8.019164956,11.73716632,0,8189.033,359.651,17.35767825,2.877091837,892.94
900,1,22.12183436,1,2.461327858,14.54893908,1,4494.982,196.134,14.82097147,8.841414715,900
904.4,1,26.91581109,1,6.29431896,11.67145791,0,5095.02,218.672,38.47702266,0.565316721,904.4
907.9,1,28.78302533,0,10.20123203,5.615331964,1,5174.337,286.757,25.32676167,0.634612705,907.9
1824.86,2,28.19986311,1,4.435318275,7.446954141,1,14187.069,914.536,24.54569721,17.78382131,912.43
917,1,23.33196441,1,4.303901437,4.528405202,1,7748.386,523.677,20.97494885,7.461760423,917
917,1,26.10540726,1,6.250513347,11.3155373,1,11978.415,1297.537,52.33344311,9.398747664,917
917.46,1,32.99657769,1,13.3798768,7.835728953,1,8322.4,302.672,21.44509997,1.590298472,917.46
920.55,1,30.73785079,1,4.468172485,14.48870637,1,17157.886,2391.292,21.97760843,4.161660708,920.55
924.58,1,25.32785763,0,5.845311431,17.36892539,0,5477.821,54.069,24.10451163,1.663343873,924.58
1861.3,2,25.85352498,1,5.259411362,7.819301848,1,6642.133,29.81,60.14741048,2.967841806,930.65
1863.75,2,29.74948665,0,4.772073922,20.46817248,1,5233.297,132.658,15.7754471,3.086142445,931.875
944.73,1,30.30800821,0,6.409308693,10.52429843,1,7084.636,175.635,43.03127218,5.983327866,944.73
953.71,1,23.01711157,1,3.123887748,4.446269678,1,12701.591,1169.107,8.962026883,0.180040437,953.71
1913.5,2,27.86584531,1,6.264202601,14.01232033,1,9419.33,365.077,21.89175876,10.74333312,956.75
1914,2,31.4825462,0,12.61875428,7.613963039,1,5068.983,30.817,19.09927494,2.600245454,957
963.32,1,32.02190281,0,5.021218344,9.371663244,1,3359.561,101.692,24.24525109,9.403282155,963.32
970.05,1,25.35523614,1,5.560574949,19.07460643,0,15239.563,5366.33,12.38183142,21.66059486,970.05
1945.18,2,23.22792608,1,4.772073922,6.691307324,1,5810.359,77.78,30.02566623,26.24133896,972.59
1956.19,2,23.55646817,1,5.527720739,6.362765229,0,5364.688,56.171,40.47264258,2.013127324,978.095
1960.87,2,24.15879535,1,2.316221766,20.46817248,1,4319.972,251.124,48.37508206,4.025836279,980.435
1985.4,2,29.9301848,1,7.400410678,7.613963039,1,8675.916,473.333,60.77624541,12.22013906,992.7
995,1,23.94250513,1,5.560574949,9.223819302,1,4319.798,58.793,12.01783046,32.32507631,995
1032,1,23.53456537,1,5.407255305,7.362080767,1,13676.909,1953.053,26.42072854,5.167980572,1032
1032.41,1,26.32991102,0,6.819986311,11.37029432,0,2568.675,98.459,35.74352536,0.877884512,1032.41
1037.24,1,30.81998631,1,8.262833676,3.260780287,1,4020.137,518.675,26.59138233,17.60912626,1037.24
1041.25,1,32.82409309,0,14.68583162,11.71252567,1,10795.805,1309.097,18.10103091,17.27463584,1041.25
2092.99,2,24.12046543,1,6.119096509,9.642710472,1,8790.647,612.619,29.52784932,21.95850886,1046.495
2097.94,2,21.34976044,0,3.222450376,5.776865161,1,10511.321,342.456,24.91035142,8.280709913,1048.97
1061.15,1,23.69062286,1,2.973305955,20.46817248,1,7103.539,433.418,33.03908094,7.265097017,1061.15
1070.83,1,24.09856263,1,2.631074606,16.94729637,1,12152.911,1717.297,44.1797854,2.42806024,1070.83
2159.76,2,22.20670773,1,4.065708419,12.82135524,1,9601.91,513.045,53.2607575,11.2532819,1079.88
1092.82,1,31.1321013,1,9.700205339,5.448323066,0,5093.403,16.44,31.87275776,1.126201873,1092.82
3345.47,3,28.3559206,0,9.776865161,10.52429843,1,3929.95,98.737,37.5213934,1.422104607,1115.15666666667
1116.89,1,23.80287474,1,5.478439425,6.529774127,1,9698.6,376.233,17.70825686,1.081537542,1116.89
1117,1,24.60780287,1,5.237508556,12.46543463,1,8331.462,516.456,59.56806861,3.174616892,1117
1119.43,1,22.42299795,1,2.187542779,6.447638604,1,4884.944,496.401,50.16372757,2.174722986,1119.43
1132,1,29.88637919,0,4.741957563,5.363449692,1,7983.568,150.606,13.68200283,0.466220116,1132
1140.14,1,27.44695414,0,3.255304586,5.196440794,1,7757.004,213.825,11.39254279,7.168824459,1140.14
1141.06,1,25.25119781,1,5.336071184,8.109514031,1,8099.188,341.156,26.61768069,9.433353072,1141.06
1157.72,1,24.6954141,1,6.264202601,6.691307324,1,13727.415,1418.18,18.4561915,8.087494987,1157.72
1161.57,1,31.93155373,1,4.550308008,6.943189596,1,1219.773,149.258,27.33279061,0.170277584,1161.57
2352.05,2,32.53114305,0,3.58384668,8.073921971,1,11065.809,866.917,20.17830779,5.149257501,1176.025
1190,1,23.73990418,0,5.023956194,7.362080767,1,16469.857,1582.539,15.59264904,5.053589718,1190
2397.3,2,28.43805613,1,9.264887064,4.509240246,1,9486.436,1322.854,23.77860347,13.37699427,1198.65
2414.93,2,23.96167009,1,3.646817248,4.446269678,1,10989.947,463.845,21.59375291,31.3289045,1207.465
3669.25,3,32.54757016,0,9.3908282,8.361396304,1,13422.664,1981.414,15.18039936,8.308983969,1223.08333333333
2466.25,2,24.99931554,1,5.100616016,9.546885695,1,12759.755,516.755,33.40575113,2.934014015,1233.125
3727.45,3,23.37577002,0,4.257357974,6.529774127,0,16124.598,1107.619,31.33505716,7.76880143,1242.48333333333
1247.01,1,20.72553046,1,2.721423682,11.73716632,1,8056.272,541.312,27.79188687,27.84115283,1247.01
1258.52,1,30.2477755,1,2.302532512,17.95482546,1,6598.963,55.158,21.7807404,1.031859097,1258.52
1264.96,1,27.32648871,0,6.926762491,9.932922656,1,2265.626,94.713,16.88023531,2.788544976,1264.96
2548,2,25.89459274,1,6.800821355,8.862422998,1,16805.394,2405.996,29.52634731,3.195301461,1274
1286.5,1,27.08829569,0,7.876796715,5.943874059,1,7670.542,1105.644,32.03241701,10.94395937,1286.5
1317,1,25.64544832,0,6.209445585,7.110198494,0,7986.413,116.143,23.65136889,3.545446498,1317
1317,1,30.97878166,1,10.69952088,7.342915811,1,3940.624,26.364,34.10135045,11.09834382,1317
1327.43,1,21.29226557,0,2.001368925,15.01437372,1,2181.19,21.875,70.82312866,0.56391236,1327.43
2666.74,2,21.56605065,1,3.37303217,8.109514031,1,7022.133,844.869,39.5600596,2.790163616,1333.37
2667,2,31.00616016,1,8.016427105,8.109514031,1,15266.283,1364.962,19.01591239,4.787805912,1333.5
2674.5,2,24.66529774,1,5.327857632,8.240930869,1,11256.5,512.474,31.13413583,14.61798961,1337.25
1348.74,1,24.50924025,1,3.052703628,6.707734428,1,13300.218,921.92,13.42626113,2.760413401,1348.74
2710.45,2,20.71731691,0,2.603696099,3.775496235,1,6806.111,342.481,20.71381146,13.68643562,1355.225
1359.32,1,30.58453114,0,11.75359343,10.52429843,0,6233.155,216.572,16.27612341,3.320373069,1359.32
2743.7,2,30.51060917,0,10.11088296,5.776865161,0,9270.674,194.503,27.07914225,3.712319083,1371.85
2769.08,2,27.3100616,0,6.828199863,10.00136893,1,10475.496,997.924,28.33996595,0.708510604,1384.54
1411.71,1,28.36413415,0,5.538672142,13.30869268,0,6636.949,396.874,30.45816685,2.906320359,1411.71
2827.43,2,26.62833676,1,5.429158111,9.448323066,1,12527.71,758.919,22.04473922,11.5906259,1413.715
2837.87,2,29.45379877,1,7.712525667,10.65571526,0,5819.432,124.381,40.05815344,1.554258216,1418.935
2871.72,2,26.11362081,1,7.51266256,3.110198494,1,12142.859,2340.162,15.54283056,10.4961031,1435.86
2885,2,31.67693361,0,13.5633128,6.776180698,0,4870.812,120.402,39.19508698,1.226920686,1442.5
4344.35,3,23.98631075,1,3.649555099,15.01437372,0,14608.488,1919.214,25.18734314,7.837594144,1448.11666666667
2903.9,2,24.97741273,1,4.711841205,15.58658453,0,8479.992,1872.194,17.59178546,2.893481503,1451.95
2962.27,2,29.60985626,1,8.930869268,12.82135524,1,4063.225,137.486,46.88952741,3.465670742,1481.135
2966.34,2,32.07665982,1,5.045859001,4.777549624,1,8426.073,1156.244,27.54967824,19.18895077,1483.17
2978.66,2,28.92813142,1,10.24229979,20.46817248,1,1879.591,34.593,28.2472091,0.435520281,1489.33
1494,1,21.3744011,0,2.806297057,3.279945243,1,9310.137,213.938,22.19903961,2.583431372,1494
1499.71,1,30.57084189,1,10.05886379,9.546885695,1,6257.538,381.125,22.57696238,11.93715484,1499.71
3024,2,24.78028747,0,5.639972621,15.01437372,1,5346.806,329.51,39.57976033,3.843696592,1512
3056.64,2,31.82477755,0,11.90691307,5.281314168,1,4152.686,53.573,32.81854202,8.561230009,1528.32
1540.96,1,25.13620808,1,6.984257358,9.029431896,1,6462.686,482.423,32.59440425,23.63518822,1540.96
3088.9,2,30.64476386,0,9.954825462,4.862422998,1,5413.79,129.103,22.90872014,4.44559172,1544.45
3100.45,2,29.83436003,1,5.889117043,7.110198494,1,5442.311,332.699,23.16828274,10.87765841,1550.225
3116.19,2,29.77686516,1,10.66119097,18.59548255,0,15685.975,802.99,10.41384421,1.616973124,1558.095
3143.04,2,26.96235455,0,3.055441478,11.08281999,1,8117.43,61.628,25.9434082,4.969097362,1571.52
3147.25,2,28.96646133,0,9.831622177,10.06433949,0,12917.147,231.098,14.61180244,1.12713744,1573.625
3227.99,2,32.20260096,1,6.390143737,4.501026694,1,7661.241,752.79,29.11273774,3.032237205,1613.995
1633.58,1,27.98631075,1,7.030800821,8.777549624,1,12282.281,1147.659,19.63940574,2.426007026,1633.58
1648.48,1,29.41546886,0,3.342915811,3.110198494,1,10437.083,85.653,22.03074365,1.26074498,1648.48
3314.28,2,24.82409309,1,2.450376454,8.862422998,1,18271.571,834.806,25.12083389,13.71692669,1657.14
3321.5,2,30.56262834,0,12.05475702,8.777549624,1,7169.403,25.746,20.33159525,4.233406882,1660.75
1680.95,1,25.20465435,0,6.866529774,3.529089665,0,6822.145,98.854,14.75135753,6.817196058,1680.95
5096,3,28.74469541,1,5.924709103,10.05065024,1,2006.53,568.877,26.00599044,1.835905768,1698.66666666667
3402.69,2,31.86036961,0,5.00752909,6.776180698,1,5112.563,176.719,32.01417762,8.987449152,1701.345
3411.66,2,30.47227926,0,9.11156742,6.110882957,0,4085.331,240.447,36.62799905,2.41236267,1705.83
3428.04,2,25.28952772,1,5.716632444,8.27926078,1,8939.27,354.855,12.46892643,0.722206623,1714.02
3448.31,2,22.98151951,0,4.966461328,10.63381246,0,8586.175,1238.736,21.61541082,6.484086336,1724.155
1740.91,1,26.03969884,0,6.902121834,6.529774127,1,4371.849,30.742,19.72577278,1.385386366,1740.91
3493.17,2,24.43531828,1,6.255989049,15.01437372,1,3531.571,33.967,28.78328087,0.704275802,1746.585
5301.28,3,32.67351129,1,7.613963039,13.60438056,0,5774.835,534.74,22.7036963,2.974318747,1767.09333333333
3594.28,2,28.45722108,1,5.352498289,8.323066393,1,7163.292,641.531,34.36357194,8.457647685,1797.14
1809.53,1,26.20670773,1,3.389459274,4.501026694,1,2687.01,1102.338,21.83947957,19.10897243,1809.53
1812.64,1,22.49965777,1,4.254620123,10.63381246,0,6377.964,399.623,14.29506344,0.164754771,1812.64
3662.26,2,31.00616016,1,9.508555784,6.943189596,1,11452.78,1333.436,20.77352398,13.28626761,1831.13
1846.16,1,24.49555099,0,5.497604381,8.862422998,1,6275.614,159.824,21.62569272,3.561723203,1846.16
3705.41,2,31.6659822,0,6.480492813,12.82409309,0,4089.509,285.672,30.67062574,1.750038941,1852.705
3716.68,2,23.49623546,1,5.04312115,6.280629706,1,8347.219,814.413,71.59235908,11.64693295,1858.34
3741.97,2,32.47091034,1,10.49691992,4.109514031,1,14016.27,354.823,14.29232599,33.95517495,1870.985
3756.92,2,27.02258727,0,8.62696783,7.613963039,1,4836.715,91.177,16.55968979,5.983089762,1878.46
3805.7,2,23.72895277,1,4.960985626,10.36824093,0,2954.627,739.377,24.97438763,4.714097583,1902.85
1920.01,1,23.68788501,1,2.510609172,4.109514031,0,1635.134,207.437,27.08004359,2.001609654,1920.01
3899.42,2,27.30184805,1,8.41889117,12.72826831,1,6459.222,594.11,63.52148912,9.60364886,1949.71
3935.65,2,32.45448323,1,9.278576318,6.447638604,1,12781.121,409.687,15.53708004,5.966847509,1967.825
3962.86,2,30.00684463,0,4.733744011,12.82409309,0,3914.996,58.347,40.14364255,1.207893954,1981.43
3972.3,2,22.69678303,0,4.049281314,3.529089665,1,4351.177,49.405,65.10135074,10.18375028,1986.15
2006.37,1,27.87405886,1,2.245037645,8.862422998,1,7180.725,686.878,8.971406091,25.43610847,2006.37
4047.3,2,25.52772074,0,4.079397673,6.362765229,0,8801.965,1357.533,38.37882791,6.730247166,2023.65
2047.64,1,31.6386037,1,11.4825462,14.54893908,0,9246.247,81.423,24.37483013,3.574531375,2047.64
6164.36,3,23.90691307,0,4.177960301,10.71321013,1,9645.242,189.31,16.61041786,1.321750144,2054.78666666667
2055.46,1,24.36413415,0,5.409993155,5.691991786,1,6379.2,723.691,18.11205167,1.477207173,2055.46
4161.48,2,30.99247091,0,6.6091718,7.362080767,1,6702.118,422.607,72.321869,0.461316855,2080.74
2087.06,1,31.02532512,1,12.6954141,14.03422313,1,10624.514,162.218,21.95836911,5.480382444,2087.06
4221.06,2,28.24093087,1,7.425051335,9.448323066,0,8395.563,973.923,26.02207857,3.895093158,2110.53
4262.48,2,26.54072553,1,6.57357974,9.11156742,1,4906.731,113.373,38.59300622,4.016136201,2131.24
4272.49,2,32.92539357,1,11.03901437,9.776865161,1,10726.77,2983.983,17.21266514,48.00237164,2136.245
4294.59,2,28.98562628,1,8.421629021,12.26557153,0,9358.234,448.266,27.3849425,1.999939305,2147.295
2152.66,1,29.0513347,0,9.757700205,9.11156742,1,2340.213,136.688,34.41357688,4.107745748,2152.66
4318.03,2,22.41752225,0,2.913073238,20.46817248,0,1597.772,84.261,66.74231367,2.18992447,2159.015
4335.69,2,24.06023272,1,2.836413415,10.00136893,1,2407.911,249.832,29.8052129,0.595038604,2167.845
2179.99,1,24.70362765,0,5.368925394,7.613963039,0,10222.304,524.645,26.3410871,3.681753155,2179.99
2196.89,1,23.76728268,1,4.292950034,7.362080767,1,3783.361,239.153,17.60630297,14.88943297,2196.89
4452,2,28.5174538,0,5.94661191,6.776180698,1,6607.794,265.599,59.82513983,10.4363877,2226
4492.81,2,28.02190281,0,8.854209446,10.63381246,0,6628.264,139.666,35.24456781,1.331977724,2246.405
4509.31,2,24.15605749,1,5.834360027,6.631074606,0,1362.886,21.68,21.55873639,8.945282291,2254.655
4519.82,2,25.08145106,1,5.697467488,4.777549624,0,6690.333,1445.025,39.61409694,7.775218364,2259.91
2270.18,1,22.99794661,1,4.301163587,11.40041068,1,5015.757,410.208,21.06950157,7.434351385,2270.18
2273.78,1,21.86173854,1,3.86036961,13.30321697,1,8908.146,1371.475,24.47593472,14.16616881,2273.78
2294.07,1,32.20533881,1,2.759753593,2.943189596,0,16448.826,3950.734,6.32345433,1.500301602,2294.07
2321.05,1,32.7118412,1,14.06433949,6.362765229,1,6632.666,159.66,47.2056636,3.114479155,2321.05
9342.2,4,28.1724846,1,5.267624914,7.446954141,1,13619.98,1858.857,27.57808014,20.55887747,2335.55
4695.07,2,25.60985626,1,6.176591376,12.80766598,1,8604.747,366.232,40.10416576,5.189972465,2347.535
4747.54,2,30.41204654,1,6.954140999,8.490075291,1,5528.4,708.643,23.37372477,6.353465741,2373.77
4780.8,2,25.17727584,1,5.196440794,10.71321013,0,4276.402,105.905,41.89931162,1.896173465,2390.4
4815.32,2,25.38809035,0,7.260780287,7.942505133,1,12780.581,1093.494,20.52132841,15.7549958,2407.66
2434,1,21.77686516,0,3.611225188,4.109514031,0,6156.209,81.003,19.77210325,0.303758368,2434
2438.59,1,20.79397673,0,2.461327858,6.110882957,1,8510.328,846.776,24.39904784,6.312882418,2438.59
2457.63,1,26.27789185,1,6.685831622,15.61670089,1,8392.113,88.635,32.18990259,7.180658792,2457.63
4974.45,2,26.55167693,0,6.965092402,3.942505133,0,4745.4,222.747,8.961078097,5.313840772,2487.225
7525.47,3,27.77549624,1,3.726214921,6.362765229,1,14850.467,2094.557,24.56593453,1.939757181,2508.49
2512.43,1,27.81382615,0,5.716632444,13.70568104,1,12949.2,1665.477,16.56547895,17.25722825,2512.43
2528.6,1,23.2991102,0,4.177960301,4.944558522,0,2932.328,58.541,22.92485697,2.034458628,2528.6
5068.99,2,25.14442163,0,3.813826146,14.69952088,1,2606.5,174.46,29.12710531,1.031267984,2534.495
2537.33,1,24.71457906,0,5.604380561,5.11156742,0,9043.832,535.548,17.16098884,22.11112502,2537.33
5187.93,2,33.20465435,1,14.37919233,7.613963039,1,3538.906,37.118,62.13796015,1.280904325,2593.965
5220.2,2,23.1266256,1,2.680355921,11.45790554,0,12175.831,1219.441,31.42808076,5.181486175,2610.1
7925.8,3,27.12388775,0,2.0862423,2.529774127,1,4130.781,187.63,12.79603058,0.548927673,2641.93333333333
5335.92,2,24.99931554,1,6.250513347,4.501026694,1,5294.099,472.594,13.75733623,10.89998506,2667.96
2707.2,1,28.44079398,1,6.639288159,13.3744011,1,6035.578,1908.213,33.71796371,1.66466244,2707.2
8289.62,3,23.14852841,1,4.271047228,6.776180698,1,15034.708,2837.535,39.76161692,13.76854143,2763.20666666667
2821.9,1,30.73237509,1,4.427104723,8.109514031,0,6929.069,455.326,20.56364282,1.630464352,2821.9
2863.69,1,24.74469541,1,6.015058179,6.529774127,1,17383.55,5302.715,7.834228337,1.90876432,2863.69
2878.97,1,21.67008898,1,3.227926078,7.362080767,1,10153.275,1132.655,16.37560295,7.147486895,2878.97
5793.34,2,20.58590007,1,2.305270363,14.66666667,1,13711.417,1257.331,20.72801812,17.58058266,2896.67
5802.13,2,31.35660507,0,12.28199863,9.11156742,0,14286.376,1664.491,14.82049751,1.523941411,2901.065
8801.98,3,30.39835729,1,12.1779603,6.110882957,0,12103.248,722.644,31.31146284,3.467284154,2933.99333333333
5882,2,31.93976728,1,13.51403149,2.614647502,1,21994.498,1799.79,8.833222745,7.048208147,2941
6010.71,2,29.85078713,1,9.108829569,7.279945243,0,14742.053,564.167,10.20133356,12.04455716,3005.355
6044.89,2,27.47980835,1,9.259411362,4.613278576,1,7371.496,295.771,45.41297994,15.96627062,3022.445
6131,2,29.27036277,1,9.820670773,8.361396304,1,6550.003,617.278,15.79541261,15.85620648,3065.5
6176.34,2,24.81861739,1,4.547570157,7.93155373,0,10379.028,455.345,36.21463397,2.103250902,3088.17
6299.46,2,26.27241615,1,8.271047228,5.615331964,1,15744.564,380.895,9.084564044,1.888429556,3149.73
6362.2,2,33.33333333,1,10.89390828,14.6201232,1,4481.608,1089.067,35.96950023,8.283276895,3181.1
3246.99,1,32.38056126,1,5.467488022,12.82135524,1,19450.547,1824.777,10.87455278,17.73977359,3246.99
6647.75,2,23.24161533,0,4.462696783,9.11156742,0,9759.262,290.706,12.17274421,15.55862523,3323.875
3341.45,1,21.82888433,1,2.661190965,8.944558522,1,4973.166,958.909,18.70152736,13.64571382,3341.45
3382.25,1,29.24298426,1,10.46680356,10.63381246,0,6631.461,532.202,29.23482472,3.754828687,3382.25
6798.24,2,28.58863792,0,7.556468172,5.281314168,1,4729.826,123.113,45.06201708,4.535092834,3399.12
6865.01,2,27.9890486,0,7.414099932,7.775496235,1,5118.274,318.221,37.33957971,2.932082182,3432.505
6897.89,2,30.28062971,1,11.80287474,10.06160164,1,8234.986,1726.511,12.97520117,19.14946789,3448.945
3483.98,1,30.82272416,0,7.310061602,9.029431896,1,9469.404,273.514,45.43425331,6.40546121,3483.98
10503.18,3,26.09993155,0,4.473648186,7.942505133,1,7105.516,1922.623,26.59111597,6.73480997,3501.06
7026.82,2,25.77686516,0,6.064339493,8.361396304,0,10876.444,1576.953,11.58832795,1.097104899,3513.41
7200.59,2,25.32238193,1,4.005475702,14.0698152,1,9664.7,1037.884,20.78046913,4.816031537,3600.295
3713.91,1,25.65639973,1,7.627652293,9.776865161,1,12438.037,2204.826,26.80133529,6.52606195,3713.91
3749.33,1,26.20944559,1,7.263518138,4.446269678,1,9082.963,1732.72,11.70151194,23.70457746,3749.33
7683.21,2,26.17385352,0,4.219028063,3.446954141,1,16224.59,300.639,10.16830009,2.201818351,3841.605
7816,2,32.25735797,0,13.56605065,4.692676249,1,3423.384,358.397,29.08601547,1.026995511,3908
7872.08,2,30.60643395,0,6.496919918,3.529089665,1,5592.261,93.49,10.6313171,1.718285323,3936.04
7906.96,2,24.32306639,0,4.027378508,13.30869268,1,13076.785,2225.459,10.9038116,2.097419205,3953.48
11865.82,3,32.00821355,0,13.28952772,12.80766598,1,10220.993,49.672,23.39154327,4.646378292,3955.27333333333
8077.4,2,22.7816564,0,3.854893908,8.777549624,1,17080.845,1057.52,28.33724561,13.73224802,4038.7
8446.96,2,26.35728953,1,6.406570842,6.943189596,1,5736.271,89.743,46.81520451,7.704988136,4223.48
4243.49,1,23.52087611,1,5.366187543,7.110198494,1,1987.694,173.966,42.25011496,5.409484558,4243.49
8784.02,2,27.22792608,1,5.196440794,4.862422998,1,5948.376,201.305,37.18329171,27.22741468,4392.01
8831.11,2,22.17385352,1,2.929500342,16.03832991,0,1933.308,9.213,23.12264781,4.609094878,4415.555
13308.82,3,24.38329911,1,5.749486653,4.777549624,1,8018.622,936.448,30.44691469,21.01167757,4436.27333333333
9085.24,2,31.26078029,1,12.95550992,7.942505133,1,5581.125,737.919,24.8219669,7.601926135,4542.62
9318.19,2,28.30663929,1,9.316906229,10.17385352,0,16958.127,476.131,5.066697519,21.920021,4659.095
14056.59,3,28.66803559,1,9.49486653,12.82135524,1,7324.479,372.05,37.57397625,2.830877118,4685.53
4724.63,1,25.12251882,1,6.004106776,4.109514031,0,6609.378,439.817,27.70688861,3.145772567,4724.63
9640.92,2,31.1430527,1,4.257357974,10.63381246,1,9147.989,2639.147,32.93223243,2.878097033,4820.46
9808.43,2,28.18617385,0,8.402464066,9.659137577,1,5326.755,245.675,10.97206461,6.254333079,4904.215
9871.46,2,31.19233402,1,10.81451061,8.777549624,0,18733.96,1701.648,10.54367576,5.765246643,4935.73
10040.16,2,27.80835044,0,9.782340862,12.80766598,1,5911.812,183.08,31.28164427,6.339443812,5020.08
10175.11,2,24.80766598,1,6.765229295,3.028062971,1,16656.3,616.508,9.124253286,5.264734665,5087.555
5177.11,1,22.11362081,0,3.028062971,10.05886379,1,5295.678,527.384,47.57568342,2.105924869,5177.11
10414.65,2,23.08555784,0,3.241615332,10.37371663,1,3765.009,78.544,33.18058469,5.853770867,5207.325
5379.28,1,24.97741273,1,6.962354552,5.691991786,1,11808.728,1373.573,35.05354683,3.983028485,5379.28
11043,2,27.85763176,1,6.803559206,7.279945243,1,13822.711,1746.376,11.86343258,15.9847153,5521.5
11383.3,2,27.64134155,0,4.752908966,5.11156742,1,6887.189,5.406,12.69950629,0.510876063,5691.65
11863.47,2,27.01984942,1,6.32991102,15.01437372,1,7196.458,508.034,26.020773,3.077861359,5931.735
12447.91,2,27.4770705,1,3.564681725,13.60711841,0,9272.673,1164.938,48.23966078,7.13141723,6223.955
6448.38,1,32.44353183,1,12.82409309,4.777549624,1,12952.894,1045.821,22.3671405,5.271084593,6448.38
13298.64,2,26.42299795,1,4.599589322,15.04175222,1,1890.419,6.892,40.84433134,3.304505509,6649.32
6745.8,1,31.83572895,0,10.53524983,4.862422998,1,14753.493,531.547,16.45549972,1.089111575,6745.8
14277.97,2,22.96235455,0,3.811088296,3.942505133,1,3887.123,17.919,21.07280886,3.600014715,7138.985
14670.15,2,24.55304586,1,4.320328542,15.01437372,0,9023.289,666.436,60.93720372,5.009448329,7335.075
7482.63,1,28.7008898,1,6.548939083,5.448323066,1,5278.663,242.254,76.8690102,0.386783547,7482.63
15669.04,2,23.84941821,1,4.722792608,15.01437372,1,2309.576,116.798,38.32768439,4.326898097,7834.52
15985.06,2,28.52566735,0,8.681724846,10.63655031,1,7878.717,181.437,30.46706716,5.165841088,7992.53
17108.51,2,26.23134839,1,7.750855578,14.35455168,1,8274.129,357.781,37.88325031,12.7204084,8554.255
17986.53,2,23.40862423,1,4.481861739,4.692676249,0,9562.837,558.127,36.46233853,4.192877072,8993.265
9217.18,1,20.96098563,1,2.737850787,4.446269678,1,7358.777,1542.765,30.53117386,22.05556711,9217.18
29064.2,3,31.03080082,0,2.680355921,3.942505133,1,1650.051,59.256,28.9345602,0.24647723,9688.06666666667
10194.28,1,26.81998631,0,6.765229295,3.775496235,1,10553.268,593.015,7.149491513,26.16439761,10194.28
20569.67,2,30.83367556,0,8.911704312,10.41478439,1,3852.456,179.693,24.50953366,1.225971173,10284.835
22911.4,2,25.33333333,0,4.577686516,15.01437372,1,8237.091,396.213,23.24303568,2.801000984,11455.7
26359.66,2,26.13004791,1,5.489390828,2.614647502,1,12927.475,2201.963,19.43577535,14.39414116,13179.83
29139.51,2,31.11841205,1,12.66803559,9.902806297,1,6066.962,225.708,40.82750147,1.630519525,14569.755
130870.36,1,25.64271047,0,3.318275154,16.55578371,0,5018.311,190.809,54.11519932,1.710794728,130870.36
17029.92,1,31.26625599,1,13.08966461,4.194387406,1,11779.015,389.842,10.63717976,15.12275008,17029.92
